SourceID,Organization,URL,Bibliographic Reference,Reference
45,ACLU,https://www.aclu.org/,"ACLU. (n.d.-a). American Civil Liberties Union. Retrieved April 22, 2025, from https://www.aclu.org/",1
46,ACLU,https://www.aclu.org/issues/immigrants-rights,"ACLU. (n.d.-b). Immigrants’ Rights. American Civil Liberties Union. Retrieved April 22, 2025, from https://www.aclu.org/issues/immigrants-rights",2
14,AI,https://www.google.com/search?q=python+dash+add+to+dash+time+counter+from+start+date&oq=python+dash+add+to+dash+time+counter+from+start+date+&gs_lcrp=EgZjaHJvbWUyBggAEEUYOTIKCAEQABiiBBiJBTIHCAIQABjvBTIHCAMQABjvBTIHCAQQABjvBTIKCAUQABiABBiiBNIBCTIzNzk1ajBqOagCALACAQ&sourceid=chrome&ie=UTF-8,"AI. (n.d.). python dash add to dash time counter from start date—Google Search. Retrieved April 21, 2025, from https://www.google.com/search?q=python+dash+add+to+dash+time+counter+from+start+date&oq=python+dash+add+to+dash+time+counter+from+start+date+&gs_lcrp=EgZjaHJvbWUyBggAEEUYOTIKCAEQABiiBBiJBTIHCAIQABjvBTIHCAMQABjvBTIHCAQQABjvBTIKCAUQABiABBiiBNIBCTIzNzk1ajBqOagCALACAQ&sourceid=chrome&ie=UTF-8",3
52,American Immigration Council,https://www.americanimmigrationcouncil.org/research/cbp-one-overview,"American Immigration Council. (2021, December 9). CBP One: An Overview. American Immigration Council. https://www.americanimmigrationcouncil.org/research/cbp-one-overview",4
40,American Immigration Council,https://www.americanimmigrationcouncil.org/litigation/challenging-illegal-detention-father-two-notorious-salvadoran-prison,"American Immigration Council. (2025, April 16). Challenging Illegal Detention of Father of Two in Notorious Salvadoran Prison. American Immigration Council. https://www.americanimmigrationcouncil.org/litigation/challenging-illegal-detention-father-two-notorious-salvadoran-prison",5
5,American Immigration Council,https://www.americanimmigrationcouncil.org/news/us-government-illegally-detains-father-two-notorious-salvadoran-prison,"American Immigration Council. (2025, April 16). U.S. Government Illegally Detains Father of Two in Notorious Salvadoran Prison. American Immigration Council. https://www.americanimmigrationcouncil.org/news/us-government-illegally-detains-father-two-notorious-salvadoran-prison",6
7,Amnesty International,https://www.amnesty.org/en/latest/news/2024/12/el-salvador-mil-dias-regimen-excepcion-modelo-seguridad-a-costa-derechos-humanos/,"Amnesty International. (2024, December 20). El Salvador: A thousand days into the state of emergency. “Security” at the expense of human rights. Amnesty International. https://www.amnesty.org/en/latest/news/2024/12/el-salvador-mil-dias-regimen-excepcion-modelo-seguridad-a-costa-derechos-humanos/",7
28,The New Yoker,https://www.newyorker.com/news/annals-of-immigration/the-makeup-artist-donald-trump-deported-under-the-alien-enemies-act,"Blitzer, J. (2025, March 31). The Makeup Artist Donald Trump Deported Under the Alien Enemies Act. The New Yorker. https://www.newyorker.com/news/annals-of-immigration/the-makeup-artist-donald-trump-deported-under-the-alien-enemies-act",8
29,GLAAD,https://glaad.org/watch-60-minutes-covers-the-story-of-gay-venezuelan-asylum-seeker-with-no-criminal-record-detained-in-el-salvadors-mega-prison/,"Bloom, A. (2025, April 16). WATCH: “60 Minutes” Covers the Story of Gay Venezuelan Asylum Seeker With No Criminal Record Detained in El Salvador’s ‘Mega-Prison.’ GLAAD. https://glaad.org/watch-60-minutes-covers-the-story-of-gay-venezuelan-asylum-seeker-with-no-criminal-record-detained-in-el-salvadors-mega-prison/",9
47,PBS,https://www.pbs.org/newshour/show/the-conditions-inside-the-infamous-el-salvador-prison-where-deported-migrants-are-held,"Brangham, W., & Couzens, I. (2025, April 8). The conditions inside the infamous El Salvador prison where deported migrants are held. PBS News. https://www.pbs.org/newshour/show/the-conditions-inside-the-infamous-el-salvador-prison-where-deported-migrants-are-held",10
42,Center for Constitutional Rights,https://ccrjustice.org/node/10478,"Center for Constitutional Rights. (n.d.). Immigration Habeas: Venezuelan Immigrant Detained in CECOT. Center for Constitutional Rights. Retrieved April 22, 2025, from https://ccrjustice.org/node/10478",11
44,Center for Constitutional Rights,https://ccrjustice.org/node/10477,"Center for Constitutional Rights. (n.d.). U.S. Government Illegally Detains Father of Two in Notorious Salvadoran Prison. Center for Constitutional Rights. Retrieved April 22, 2025, from https://ccrjustice.org/node/10477",12
17,Google Maps,"https://www.google.com/maps/place/Centro+Penal+La+Esperanza/@13.756926,-89.1925208,17z/data=!3m1!4b1!4m6!3m5!1s0x8f633a4753ffffff:0x4d0068032610eb1e!8m2!3d13.7569208!4d-89.1899405!16s%2Fg%2F11sscs3s_q?entry=ttu&g_ep=EgoyMDI1MDQxNi4xIKXMDSoASAFQAw%3D%3D","Centro Penal La Esperanza. (n.d.). Google Maps. Retrieved April 21, 2025, from https://www.google.com/maps/place/Centro+Penal+La+Esperanza/@13.756926,-89.1925208,17z/data=!3m1!4b1!4m6!3m5!1s0x8f633a4753ffffff:0x4d0068032610eb1e!8m2!3d13.7569208!4d-89.1899405!16s%2Fg%2F11sscs3s_q?entry=ttu&g_ep=EgoyMDI1MDQxNi4xIKXMDSoASAFQAw%3D%3D",13
16,Google Maps,"https://www.google.com/maps/place/Centro+Penal+de+M%C3%A1xima+Seguridad+Zacatecoluca/@13.4999213,-88.8638776,17z/data=!3m1!4b1!4m6!3m5!1s0x8f7cab7e97627f6b:0x608be417af665731!8m2!3d13.4999161!4d-88.8612973!16s%2Fg%2F11c5h3rwq_?entry=ttu&g_ep=EgoyMDI1MDQxNi4xIKXMDSoASAFQAw%3D%3D","Centro Penal de Máxima Seguridad Zacatecoluca. (n.d.). Google Maps. Retrieved April 21, 2025, from https://www.google.com/maps/place/Centro+Penal+de+M%C3%A1xima+Seguridad+Zacatecoluca/@13.4999213,-88.8638776,17z/data=!3m1!4b1!4m6!3m5!1s0x8f7cab7e97627f6b:0x608be417af665731!8m2!3d13.4999161!4d-88.8612973!16s%2Fg%2F11c5h3rwq_?entry=ttu&g_ep=EgoyMDI1MDQxNi4xIKXMDSoASAFQAw%3D%3D",14
15,Google Maps,"https://www.google.com/maps/place/Centro+de+Confinamiento+del+Terrorismo+(CECOT)/@13.5183946,-88.8314746,12.23z/data=!4m6!3m5!1s0x8f7cab0010e2aefb:0x20b92ba5a18de242!8m2!3d13.5335768!4d-88.8051104!16s%2Fg%2F11shscqp7z?entry=ttu&g_ep=EgoyMDI1MDQxNi4xIKXMDSoASAFQAw%3D%3D","Centro de Confinamiento del Terrorismo (CECOT). (n.d.). Google Maps. Retrieved April 21, 2025, from https://www.google.com/maps/place/Centro+de+Confinamiento+del+Terrorismo+(CECOT)/@13.5183946,-88.8314746,12.23z/data=!4m6!3m5!1s0x8f7cab0010e2aefb:0x20b92ba5a18de242!8m2!3d13.5335768!4d-88.8051104!16s%2Fg%2F11shscqp7z?entry=ttu&g_ep=EgoyMDI1MDQxNi4xIKXMDSoASAFQAw%3D%3D",15
4,USA Today,https://www.usatoday.com/story/news/politics/2025/04/18/senator-van-hollen-kilmar-abrego-garcia-deported/83155989007/,"Collins, C. M.-O. and M. (n.d.). Kilmar Abrego Garcia tells US senator of traumatizing stay in El Salvador prison. USA TODAY. Retrieved April 19, 2025, from https://www.usatoday.com/story/news/politics/2025/04/18/senator-van-hollen-kilmar-abrego-garcia-deported/83155989007/",16
23,Documented NY,https://documentedny.com/2025/04/18/merwil-wilmer-cousin-gutierrez-el-salvador-deported-ice-trump/,"Colome, P. R., Carla. (2025, April 18). “They Took Him Anyway”: Cousin Who Witnessed Arrest of Merwil Gutiérrez Speaks Out. Documented. https://documentedny.com/2025/04/18/merwil-wilmer-cousin-gutierrez-el-salvador-deported-ice-trump/",17
27,The Guardian,https://www.theguardian.com/us-news/2025/apr/15/merwil-gutierrez-venezuelan-teen-deported-el-salvador,"Dunbar, M. (2025, April 15). Ice deports Venezuelan teen despite reportedly knowing he was not a target. The Guardian. https://www.theguardian.com/us-news/2025/apr/15/merwil-gutierrez-venezuelan-teen-deported-el-salvador",18
51,NBC News,https://www.nbcnews.com/news/latino/venezuelan-brother-deported-el-salvador-family-looking-rcna202279,"Gamboa, S. (2025, April 23). After a month of searching, man learns from NBC News that DHS sent his brother to El Salvador. NBC News. https://www.nbcnews.com/news/latino/venezuelan-brother-deported-el-salvador-family-looking-rcna202279",19
31,Forbes,https://www.forbes.com/sites/saradorn/2025/04/07/photo-shows-deported-gay-makeup-artist-andry-hernandez-romero-pleading-with-guards-at-el-salvadors-cecot/?utm_source=facebook&utm_medium=social&utm_campaign=forbes&utm_term=se-staff,"Gay Venezuelan Makeup Artist Andry Romero Shown Pleading With El Salvador Prison Guards After Deportation. (n.d.). Retrieved April 22, 2025, from https://www.forbes.com/sites/saradorn/2025/04/07/photo-shows-deported-gay-makeup-artist-andry-hernandez-romero-pleading-with-guards-at-el-salvadors-cecot/?utm_source=facebook&utm_medium=social&utm_campaign=forbes&utm_term=se-staff",20
2,Human Rights Watch,https://www.hrw.org/news/2025/03/20/human-rights-watch-declaration-prison-conditions-el-salvador-jgg-v-trump-case,"Goebertus, J. (2025, March 20). Human Rights Watch declaration on prison conditions in El Salvador for the J.G.G. v. Trump case | Human Rights Watch. https://www.hrw.org/news/2025/03/20/human-rights-watch-declaration-prison-conditions-el-salvador-jgg-v-trump-case",21
13,Humanitarian Data Exchange,https://data.humdata.org/dataset/geoboundaries-admin-boundaries-for-el-salvador/resource/d762c0c0-9f8b-4414-bfbc-c38ba2a500e9,"Humanitarian Data Exchange. (n.d.). El Salvador—Subnational Administrative Boundaries—geoBoundaries-SLV-ADM0.geojson—Humanitarian Data Exchange. Humanitarian Data Exchange. Retrieved April 16, 2025, from https://data.humdata.org/dataset/geoboundaries-admin-boundaries-for-el-salvador/resource/d762c0c0-9f8b-4414-bfbc-c38ba2a500e9",22
24,The Independent,https://www.the-independent.com/news/world/americas/us-politics/merwil-gutierrez-ice-arrest-nyc-b2735825.html,"ICE agents knew they had the wrong teen but said ‘take him anyway,’ family says. (2025, April 18). The Independent. https://www.the-independent.com/news/world/americas/us-politics/merwil-gutierrez-ice-arrest-nyc-b2735825.html",23
25,Newsweek,https://www.newsweek.com/merwil-gutierrez-ice-wrong-teen-el-salvador-2059783,"ICE agents realize they arrested wrong teen, say “take him anyway.” (2025, April 15). Newsweek. https://www.newsweek.com/merwil-gutierrez-ice-wrong-teen-el-salvador-2059783",24
22,La Opinion,https://www.facebook.com/reel/652601337699938,"La Opinion Widmer’s mother. (n.d.). Facebook. Retrieved April 22, 2025, from https://www.facebook.com/reel/652601337699938",25
48,Congress.gov,https://constitution.congress.gov/constitution/amendment-8/,"Library of Congress. (n.d.). U.S. Constitution—Eighth Amendment | Resources | Constitution Annotated. Congress.Gov. Retrieved April 22, 2025, from https://constitution.congress.gov/constitution/amendment-8/",26
3,CBS News,https://www.cbsnews.com/baltimore/news/kilmar-abrego-garcia-el-salvador-deported-chris-van-hollen/,"Lockman, J. M., Paul, Ashley, & Olaniran, Christian. (2025, April 18). Kilmar Abrego Garcia was “traumatized” at CECOT, Sen. Van Hollen says after meeting in El Salvador. CBS Baltimore. https://www.cbsnews.com/baltimore/news/kilmar-abrego-garcia-el-salvador-deported-chris-van-hollen/",27
8,CBS News,https://www.cbsnews.com/baltimore/news/kilmar-abrego-garcia-transferred-el-salvador-maryland-van-hollen/,"Lynch, T. (2025, April 21). Kilmar Abrego Garcia transferred to El Salvador facility with own bed and furniture, update reveals. CBS Baltimore. https://www.cbsnews.com/baltimore/news/kilmar-abrego-garcia-transferred-el-salvador-maryland-van-hollen/",28
26,Rolling Stone,https://www.rollingstone.com/politics/politics-news/trump-ice-deports-teen-no-criminal-record-el-salvador-1235318643/,"Madarang, C. (2025, April 16). Trump Admin Deports Teen With No Criminal Record to El Salvador Prison: Report. Rolling Stone. https://www.rollingstone.com/politics/politics-news/trump-ice-deports-teen-no-criminal-record-el-salvador-1235318643/",29
34,Reddit,https://www.reddit.com/r/TheDisappeared/comments/1k5dmtx/widmer_josneyder_agelviz_sanguino/,"MannerLoud. (2025, April 22). Widmer Josneyder Agelviz Sanguino [Reddit Post]. R/TheDisappeared. https://www.reddit.com/r/TheDisappeared/comments/1k5dmtx/widmer_josneyder_agelviz_sanguino/",30
36,NPR,https://www.npr.org/2025/03/21/nx-s1-5333886/families-of-deported-venezuelans-dispute-gang-claims-after-deportations-under-alien-enemies-act,"Martínez-Beltrán, S. (2025, March 21). Families of deported Venezuelans dispute gang claims after deportations under Alien Enemies Act. NPR. https://www.npr.org/2025/03/21/nx-s1-5333886/families-of-deported-venezuelans-dispute-gang-claims-after-deportations-under-alien-enemies-act",31
9,Newsweek,https://www.newsweek.com/mothers-shock-she-recognizes-deported-son-salvadoran-prison-video-2047994,"Mesa, J. (2025, March 20). Mother’s Shock as She Recognizes Deported Son in El Salvador Prison Video. Newsweek. https://www.newsweek.com/mothers-shock-she-recognizes-deported-son-salvadoran-prison-video-2047994",32
11,Facebook,https://www.facebook.com/story.php?story_fbid=10107012973092564&id=6312545&rdid=vEkC3NGiwGVbKjSQ#,"Mikalatos, M. (2025, April 14). An ICE agent grabbed Merwil Gutiérrez. Facebook. https://www.facebook.com/story.php?story_fbid=10107012973092564&id=6312545&rdid=vEkC3NGiwGVbKjSQ#",33
37,Newsweek,https://www.facebook.com/watch/?v=1334548797776923,"Newsweek. (n.d.). Mirelis Cacique López, mother of Francisco Javier García Cacique, a young Venezuelan man deported to El Salvador, spoke about her fear. Facebook. Retrieved April 22, 2025, from https://www.facebook.com/watch/?v=1334548797776923",34
30,NBC News,https://www.nbcnews.com/news/latino/family-fears-safety-venezuelan-makeup-artist-deported-salvadoran-megap-rcna200078,"Noriega, D. (2025, April 8). Family fears for safety of Venezuelan makeup artist deported to Salvadoran megaprison. NBC News. https://www.nbcnews.com/news/latino/family-fears-safety-venezuelan-makeup-artist-deported-salvadoran-megap-rcna200078",35
18,Google Maps,"https://www.google.com/maps/place/Penal+de+Izalco/@13.7634078,-89.7033019,17z/data=!3m1!4b1!4m6!3m5!1s0x8f62b877f8cb9df3:0x5d6c7a5d54d31a85!8m2!3d13.7634026!4d-89.7007216!16s%2Fg%2F11btlzd59x?entry=ttu&g_ep=EgoyMDI1MDQxNi4xIKXMDSoASAFQAw%3D%3D","Penal de Izalco. (n.d.). Google Maps. Retrieved April 21, 2025, from https://www.google.com/maps/place/Penal+de+Izalco/@13.7634078,-89.7033019,17z/data=!3m1!4b1!4m6!3m5!1s0x8f62b877f8cb9df3:0x5d6c7a5d54d31a85!8m2!3d13.7634026!4d-89.7007216!16s%2Fg%2F11btlzd59x?entry=ttu&g_ep=EgoyMDI1MDQxNi4xIKXMDSoASAFQAw%3D%3D",36
35,The Guardian,https://www.theguardian.com/us-news/2025/apr/01/its-a-tradition-outrage-in-venezuela-as-us-deports-makeup-artist-for-religious-tattoos,"Phillips, T., & Rangel, C. (2025, April 1). ‘He is not a gang member’: Outrage as US deports makeup artist to El Salvador prison for crown tattoos. The Guardian. https://www.theguardian.com/us-news/2025/apr/01/its-a-tradition-outrage-in-venezuela-as-us-deports-makeup-artist-for-religious-tattoos",37
43,ABC News,https://abcnews.go.com/Politics/attorneys-venezuelan-man-imprisoned-el-salvador-detention-lawless/story?id=120915784,"Romero, L. (n.d.). Attorneys for Venezuelan detainee imprisoned in El Salvador say his detention is “lawless.” ABC News. Retrieved April 22, 2025, from https://abcnews.go.com/Politics/attorneys-venezuelan-man-imprisoned-el-salvador-detention-lawless/story?id=120915784",38
19,Google Maps,"https://www.google.com/maps/place/Santa+Ana,+El+Salvador/@13.9838731,-89.6041073,13z/data=!3m1!4b1!4m6!3m5!1s0x8f62e8a88f74c611:0x334dedcda18267cd!8m2!3d13.9778279!4d-89.5639119!16zL20vMDFxcHdn?entry=ttu&g_ep=EgoyMDI1MDQxNi4xIKXMDSoASAFQAw%3D%3D","Santa Ana, El Salvador. (n.d.). Google Maps. Retrieved April 21, 2025, from https://www.google.com/maps/place/Santa+Ana,+El+Salvador/@13.9838731,-89.6041073,13z/data=!3m1!4b1!4m6!3m5!1s0x8f62e8a88f74c611:0x334dedcda18267cd!8m2!3d13.9778279!4d-89.5639119!16zL20vMDFxcHdn?entry=ttu&g_ep=EgoyMDI1MDQxNi4xIKXMDSoASAFQAw%3D%3D",39
41,HuffPost,https://www.huffpost.com/entry/edicson-david-quintero-chac%C3%B3n-cecot-habeas-corpus_n_6800379ce4b019ebe499de88?d_id=8979978&ref=bffbhuffpost&ncid_tag=fcbklnkushpmg00000063&utm_medium=Social&utm_source=Facebook&utm_campaign=us_main&fbclid=IwY2xjawJ07UhleHRuA2FlbQIxMQBicmlkETFyWHpzNUtkOU5ubHlKTmllAR6TqTGS71O_VybgPUzL_che9sTWusbN6nA6xlP40xgEeOZTtE0sSk4G6SdYbA_aem_q-EzBCwEyHoupvqw_nU1FA,"Shuham, M. (2025, April 16). A Venezuelan Man Said He Would “Go Home.” The Trump Administration Sent Him To CECOT. HuffPost. https://www.huffpost.com/entry/edicson-david-quintero-chac%C3%B3n-cecot-habeas-corpus_n_6800379ce4b019ebe499de88?d_id=8979978&ref=bffbhuffpost&ncid_tag=fcbklnkushpmg00000063&utm_medium=Social&utm_source=Facebook&utm_campaign=us_main&fbclid=IwY2xjawJ07UhleHRuA2FlbQIxMQBicmlkETFyWHpzNUtkOU5ubHlKTmllAR6TqTGS71O_VybgPUzL_che9sTWusbN6nA6xlP40xgEeOZTtE0sSk4G6SdYbA_aem_q-EzBCwEyHoupvqw_nU1FA",40
6,NBC News,https://www.nbcnews.com/news/us-news/kilmar-abrego-garcia-deported-el-salvador-trump-immigration-what-know-rcna201708,"Silva, D., Stickler, L., & Grumbach, G. (2025, April 18). What we know about Kilmar Abrego Garcia, the Maryland man mistakenly deported to El Salvador. NBC News. https://www.nbcnews.com/news/us-news/kilmar-abrego-garcia-deported-el-salvador-trump-immigration-what-know-rcna201708",41
39,The Independent,https://www.the-independent.com/news/world/americas/us-politics/trump-deportations-francisco-javier-garcia-b2717379.html,"Sommerlad, J. (2025, March 18). Venezuelan barber deported by Trump administration is not a gang member, family say. The Independent. https://www.the-independent.com/news/world/americas/us-politics/trump-deportations-francisco-javier-garcia-b2717379.html",42
12,Substack,https://substack.com/inbox/post/161257584?r=119nhm&utm_medium=ios&triedRedirect=true,"Substack. (n.d.). BREAKING: No Trial. No Charges. Just Gone. Here is What the U.S. Did to Richard Duarte Rodríguez. Retrieved April 21, 2025, from https://substack.com/inbox/post/161257584?utm_medium=ios",43
21,Telemundo Houston,https://www.telemundohouston.com/historias-destacadas/envian-a-joven-a-carcel-de-el-salvador-por-presuntos-tatuajes-del-tren-de-aragua/2477895/,"Telemundo Houston. (2025, March 24). Envían a joven a cárcel de El Salvador por presuntos tatuajes del Tren de Aragua. Telemundo Houston. https://www.telemundohouston.com/historias-destacadas/envian-a-joven-a-carcel-de-el-salvador-por-presuntos-tatuajes-del-tren-de-aragua/2477895/",44
20,Telemundo Houston,https://www.facebook.com/TelemundoHouston/posts/widmer-josneyder-agelviz-sanguino-de-24-a%C3%B1os-fue-detenido-cuando-ingres%C3%B3-a-estad/1085824886906635/,"Telemundo Houston. (n.d.). Widmer Josneyder Agelviz Sanguino, de 24 años. Facebook. Retrieved April 21, 2025, from https://www.facebook.com/TelemundoHouston/posts/widmer-josneyder-agelviz-sanguino-de-24-a%C3%B1os-fue-detenido-cuando-ingres%C3%B3-a-estad/1085824886906635/",45
49,NPR,https://www.npr.org/2025/03/18/nx-s1-5331857/alien-enemies-act-trump-deportations,"Treisman, R. (2025, March 18). 4 things to know about the Alien Enemies Act and Trump’s efforts to use it. NPR. https://www.npr.org/2025/03/18/nx-s1-5331857/alien-enemies-act-trump-deportations",46
1,United States Department of State,https://www.state.gov/reports/2023-country-reports-on-human-rights-practices/el-salvador/,United States Department of State. (2023). El Salvador. United States Department of State. https://www.state.gov/reports/2023-country-reports-on-human-rights-practices/el-salvador/,47
32,CBS News,https://www.cbsnews.com/news/venezuelan-migrants-deportations-el-salvador-prison-60-minutes/,"Vega, C. (2025, April 6). Trump administration deports gay makeup artist to prison in El Salvador—CBS News. https://www.cbsnews.com/news/venezuelan-migrants-deportations-el-salvador-prison-60-minutes/",48
10,CBS News,https://www.cbsnews.com/news/what-records-show-about-migrants-sent-to-salvadoran-prison-60-minutes-transcript/,"Vega, C. (2025, April 6). U.S. sent 238 migrants to Salvadoran mega-prison; documents indicate most have no apparent criminal records. CBS News. https://www.cbsnews.com/news/what-records-show-about-migrants-sent-to-salvadoran-prison-60-minutes-transcript/",49
53,CBS News,https://www.cbsnews.com/news/venezuelans-deported-el-salvador-names/,"Washington, C. M.-G. I. R. C. M.-G. is the immigration reporter at C. N. B. in, Policy, H. C. I., Montoya-Galvez, politics R. F. B. C., & Hanflig, A. (2025, March 20). Here are the names of the Venezuelans deported by the U.S. to El Salvador. CBS News. https://www.cbsnews.com/news/venezuelans-deported-el-salvador-names/",50
50,Council on Foreign Relations,https://www.cfr.org/in-brief/heres-where-trumps-deportations-are-sending-migrants,"Where Trump’s deportations are sending migrants. (2025, April 13). PBS News. https://www.cfr.org/in-brief/heres-where-trumps-deportations-are-sending-migrants",51
33,Advocate,https://www.advocate.com/news/andry-romero-attorney-cecot,"Wiggins, C. (n.d.). Lawyer says deported gay man’s life is at risk at CECOT. Advocate. Retrieved April 22, 2025, from https://www.advocate.com/news/andry-romero-attorney-cecot",52
38,YouTube,https://www.youtube.com/shorts/3YYaCq-p-C4,"‘They Treated Him Like A Dog’ Venezuelan Mother Fears For Deported Son. (n.d.). [Video recording]. Retrieved April 22, 2025, from https://www.youtube.com/shorts/3YYaCq-p-C4",53
